[
    {
        "model": "kitchen.cook",
        "pk": 1,
        "fields": {
            "username": "admin",
            "email": "admin@email.com",
            "first_name": "admin_first_name",
            "last_name": "admin_last_name",
            "password": "pbkdf2_sha256$870000$BGgz3Ag21TYekvsgnVD6JR$EgAfoxozqJBcbLW683cPn/sZ9jrtqWpkqKdifuzk1R4=",
            "years_of_experience": 15
        }
    },
    {
        "model": "kitchen.cook",
        "pk": 2,
        "fields": {
            "username": "cook2",
            "email": "cook2@email.com",
            "first_name": "Cook2",
            "last_name": "LastName2",
            "password": "pbkdf2_sha256$390000$9wqlSZZMAmTYa3vmmKYzU2$Xi3kN0qzB+Om2qRdC24UbD7lr9CL/IhQEEheE/vCsvU=",
            "years_of_experience": 16
        }
    },
    {
        "model": "kitchen.cook",
        "pk": 3,
        "fields": {
            "username": "cook3",
            "email": "cook3@email.com",
            "first_name": "Cook3",
            "last_name": "LastName3",
            "password": "pbkdf2_sha256$320000$73Z1Y57bcoscZ37s9rE9v0$4SEQ0TtXwJKzO5/CRdFSrTifatiPjkZ38gM2H8Kqsdg=",
            "years_of_experience": 18
        }
    },
    {
        "model": "kitchen.cook",
        "pk": 4,
        "fields": {
            "username": "cook4",
            "email": "cook4@email.com",
            "first_name": "Cook4",
            "last_name": "LastName4",
            "password": "pbkdf2_sha256$320000$9yU0PLTDKlL02PedUtk2l1$LKjj8O1xGiPGEkDpjsHk87db1iLgt8dgDqECzcsivio",
            "years_of_experience": 10
        }
    },
    {
        "model": "kitchen.cook",
        "pk": 5,
        "fields": {
            "username": "cook5",
            "email": "cook5@email.com",
            "first_name": "Cook5",
            "last_name": "LastName5",
            "password": "pbkdf2_sha256$320000$QtPol3T7x9quBj4BnbnVwW$UwT4kihkRfSvQEWEeuqVKwMgis2ikKVZfJDBcQMvOKY=",
            "years_of_experience": 28
        }
    },
    {
        "model": "kitchen.cook",
        "pk": 6,
        "fields": {
            "username": "cook6",
            "email": "cook6@email.com",
            "first_name": "Cook6",
            "last_name": "LastName6",
            "password": "pbkdf2_sha256$390000$9wqlSZZMAmTYa3vmmKYzU2$Xi3kN0qzB+Om2qRdC24UbD7lr9CL/IhQEEheE/vCsvU=",
            "years_of_experience": 18
        }
    },
    {
        "model": "kitchen.cook",
        "pk": 7,
        "fields": {
            "username": "cook7",
            "email": "cook7@email.com",
            "first_name": "Cook7",
            "last_name": "LastName7",
            "password": "pbkdf2_sha256$390000$do5hLFYChrmRhVW3XnmWo2$oMj7sHsrJUHoJyqPjnsCZZ+G0QFSR1e0tvH8X/KrTJ4=",
            "years_of_experience": 30
        }
    },
    {
        "model": "kitchen.cook",
        "pk": 8,
        "fields": {
            "username": "cook8",
            "email": "cook8@email.com",
            "first_name": "Cook8",
            "last_name": "LastName8",
            "password": "pbkdf2_sha256$320000$73Z1Y57bcoscZ37s9rE9v0$4SEQ0TtXwJKzO5/CRdFSrTifatiPjkZ38gM2H8Kqsdg=",
            "years_of_experience": 15
        }
    },
    {
        "model": "kitchen.cook",
        "pk": 9,
        "fields": {
            "username": "cook9",
            "email": "cook9@email.com",
            "first_name": "Cook9",
            "last_name": "LastName9",
            "password": "pbkdf2_sha256$390000$9wqlSZZMAmTYa3vmmKYzU2$Xi3kN0qzB+Om2qRdC24UbD7lr9CL/IhQEEheE/vCsvU=",
            "years_of_experience": 13
        }
    },
    {
        "model": "kitchen.cook",
        "pk": 10,
        "fields": {
            "username": "cook10",
            "email": "cook10@email.com",
            "first_name": "Cook10",
            "last_name": "LastName10",
            "password": "pbkdf2_sha256$390000$9wqlSZZMAmTYa3vmmKYzU2$Xi3kN0qzB+Om2qRdC24UbD7lr9CL/IhQEEheE/vCsvU=",
            "years_of_experience": 27
        }
    },
    {
        "model": "kitchen.cook",
        "pk": 11,
        "fields": {
            "username": "cook11",
            "email": "cook11@email.com",
            "first_name": "Cook11",
            "last_name": "LastName11",
            "password": "pbkdf2_sha256$320000$73Z1Y57bcoscZ37s9rE9v0$4SEQ0TtXwJKzO5/CRdFSrTifatiPjkZ38gM2H8Kqsdg=",
            "years_of_experience": 29
        }
    },
    {
        "model": "kitchen.cook",
        "pk": 12,
        "fields": {
            "username": "cook12",
            "email": "cook12@email.com",
            "first_name": "Cook12",
            "last_name": "LastName12",
            "password": "pbkdf2_sha256$320000$9yU0PLTDKlL02PedUtk2l1$LKjj8O1xGiPGEkDpjsHk87db1iLgt8dgDqECzcsivio",
            "years_of_experience": 27
        }
    },
    {
        "model": "kitchen.cook",
        "pk": 13,
        "fields": {
            "username": "cook13",
            "email": "cook13@email.com",
            "first_name": "Cook13",
            "last_name": "LastName13",
            "password": "pbkdf2_sha256$320000$QtPol3T7x9quBj4BnbnVwW$UwT4kihkRfSvQEWEeuqVKwMgis2ikKVZfJDBcQMvOKY=",
            "years_of_experience": 6
        }
    },
    {
        "model": "kitchen.cook",
        "pk": 14,
        "fields": {
            "username": "cook14",
            "email": "cook14@email.com",
            "first_name": "Cook14",
            "last_name": "LastName14",
            "password": "pbkdf2_sha256$390000$9wqlSZZMAmTYa3vmmKYzU2$Xi3kN0qzB+Om2qRdC24UbD7lr9CL/IhQEEheE/vCsvU=",
            "years_of_experience": 9
        }
    },
    {
        "model": "kitchen.dishtype",
        "pk": 1,
        "fields": {
            "name": "Biscuits"
        }
    },
    {
        "model": "kitchen.dishtype",
        "pk": 2,
        "fields": {
            "name": "Braai"
        }
    },
    {
        "model": "kitchen.dishtype",
        "pk": 3,
        "fields": {
            "name": "Bread"
        }
    },
    {
        "model": "kitchen.dishtype",
        "pk": 4,
        "fields": {
            "name": "Pizza"
        }
    },
    {
        "model": "kitchen.dishtype",
        "pk": 5,
        "fields": {
            "name": "Pasta"
        }
    },
    {
        "model": "kitchen.dishtype",
        "pk": 6,
        "fields": {
            "name": "Salad"
        }
    },
    {
        "model": "kitchen.dishtype",
        "pk": 7,
        "fields": {
            "name": "Soup"
        }
    },
    {
        "model": "kitchen.dishtype",
        "pk": 8,
        "fields": {
            "name": "Sandwiches"
        }
    },
    {
        "model": "kitchen.dishtype",
        "pk": 9,
        "fields": {
            "name": "Dessert"
        }
    },
    {
        "model": "kitchen.dishtype",
        "pk": 10,
        "fields": {
            "name": "Cakes"
        }
    },
    {
        "model": "kitchen.dishtype",
        "pk": 11,
        "fields": {
            "name": "Grill"
        }
    },
    {
        "model": "kitchen.dishtype",
        "pk": 12,
        "fields": {
            "name": "Seafood"
        }
    },
    {
        "model": "kitchen.dishtype",
        "pk": 13,
        "fields": {
            "name": "Vegetarian"
        }
    },
    {
        "model": "kitchen.dishtype",
        "pk": 14,
        "fields": {
            "name": "Drinks"
        }
    },
    {
        "model": "kitchen.dish",
        "pk": 1,
        "fields": {
            "name": "Caesar Salad 1",
            "description": "Caesar Salad description.",
            "price": "26.01",
            "dish_type": 11
        }
    },
    {
        "model": "kitchen.dish",
        "pk": 2,
        "fields": {
            "name": "BBQ Chicken 2",
            "description": "BBQ Chicken description.",
            "price": "33.25",
            "dish_type": 11
        }
    },
    {
        "model": "kitchen.dish",
        "pk": 3,
        "fields": {
            "name": "Coffee 3",
            "description": "Coffee description.",
            "price": "38.43",
            "dish_type": 8
        }
    },
    {
        "model": "kitchen.dish",
        "pk": 4,
        "fields": {
            "name": "Coffee 4",
            "description": "Coffee description.",
            "price": "38.16",
            "dish_type": 6
        }
    },
    {
        "model": "kitchen.dish",
        "pk": 5,
        "fields": {
            "name": "Cappuccino 5",
            "description": "Cappuccino description.",
            "price": "40.71",
            "dish_type": 8
        }
    },
    {
        "model": "kitchen.dish",
        "pk": 6,
        "fields": {
            "name": "Pancakes 6",
            "description": "Pancakes description.",
            "price": "48.35",
            "dish_type": 8
        }
    },
    {
        "model": "kitchen.dish",
        "pk": 7,
        "fields": {
            "name": "Mushroom Soup 7",
            "description": "Mushroom Soup description.",
            "price": "29.33",
            "dish_type": 13
        }
    },
    {
        "model": "kitchen.dish",
        "pk": 8,
        "fields": {
            "name": "Coffee 8",
            "description": "Coffee description.",
            "price": "5.54",
            "dish_type": 9
        }
    },
    {
        "model": "kitchen.dish",
        "pk": 9,
        "fields": {
            "name": "Vegetable Stir-fry 9",
            "description": "Vegetable Stir-fry description.",
            "price": "14.20",
            "dish_type": 14
        }
    },
    {
        "model": "kitchen.dish",
        "pk": 10,
        "fields": {
            "name": "Chili Con Carne 10",
            "description": "Chili Con Carne description.",
            "price": "21.24",
            "dish_type": 11
        }
    },
    {
        "model": "kitchen.dish",
        "pk": 11,
        "fields": {
            "name": "Spaghetti Bolognese 11",
            "description": "Spaghetti Bolognese description.",
            "price": "14.18",
            "dish_type": 2
        }
    },
    {
        "model": "kitchen.dish",
        "pk": 12,
        "fields": {
            "name": "Pancakes 12",
            "description": "Pancakes description.",
            "price": "26.68",
            "dish_type": 10
        }
    },
    {
        "model": "kitchen.dish",
        "pk": 13,
        "fields": {
            "name": "Ham Sandwich 13",
            "description": "Ham Sandwich description.",
            "price": "7.80",
            "dish_type": 12
        }
    },
    {
        "model": "kitchen.dish",
        "pk": 14,
        "fields": {
            "name": "Shrimp Skewers 14",
            "description": "Shrimp Skewers description.",
            "price": "9.16",
            "dish_type": 9
        }
    },
    {
        "model": "kitchen.dish",
        "pk": 15,
        "fields": {
            "name": "Cappuccino 15",
            "description": "Cappuccino description.",
            "price": "43.21",
            "dish_type": 9
        }
    },
    {
        "model": "kitchen.dish",
        "pk": 16,
        "fields": {
            "name": "Caesar Salad 16",
            "description": "Caesar Salad description.",
            "price": "14.21",
            "dish_type": 2
        }
    },
    {
        "model": "kitchen.dish",
        "pk": 17,
        "fields": {
            "name": "Chocolate Cake 17",
            "description": "Chocolate Cake description.",
            "price": "22.62",
            "dish_type": 7
        }
    },
    {
        "model": "kitchen.dish",
        "pk": 18,
        "fields": {
            "name": "Grilled Salmon 18",
            "description": "Grilled Salmon description.",
            "price": "41.64",
            "dish_type": 8
        }
    },
    {
        "model": "kitchen.dish",
        "pk": 19,
        "fields": {
            "name": "Penne Alfredo 19",
            "description": "Penne Alfredo description.",
            "price": "17.39",
            "dish_type": 14
        }
    },
    {
        "model": "kitchen.dish",
        "pk": 20,
        "fields": {
            "name": "Coffee 20",
            "description": "Coffee description.",
            "price": "7.37",
            "dish_type": 1
        }
    },
    {
        "model": "kitchen.dish",
        "pk": 21,
        "fields": {
            "name": "Chili Con Carne 21",
            "description": "Chili Con Carne description.",
            "price": "23.31",
            "dish_type": 13
        }
    },
    {
        "model": "kitchen.dish",
        "pk": 22,
        "fields": {
            "name": "Mushroom Soup 22",
            "description": "Mushroom Soup description.",
            "price": "20.24",
            "dish_type": 10
        }
    },
    {
        "model": "kitchen.dish",
        "pk": 23,
        "fields": {
            "name": "Garlic Bread 23",
            "description": "Garlic Bread description.",
            "price": "36.27",
            "dish_type": 4
        }
    },
    {
        "model": "kitchen.dish",
        "pk": 24,
        "fields": {
            "name": "Chili Con Carne 24",
            "description": "Chili Con Carne description.",
            "price": "26.75",
            "dish_type": 2
        }
    },
    {
        "model": "kitchen.dish",
        "pk": 25,
        "fields": {
            "name": "Ham Sandwich 25",
            "description": "Ham Sandwich description.",
            "price": "42.88",
            "dish_type": 7
        }
    },
    {
        "model": "kitchen.dish",
        "pk": 26,
        "fields": {
            "name": "Chocolate Cake 26",
            "description": "Chocolate Cake description.",
            "price": "21.53",
            "dish_type": 6
        }
    },
    {
        "model": "kitchen.dish",
        "pk": 27,
        "fields": {
            "name": "Caesar Salad 27",
            "description": "Caesar Salad description.",
            "price": "43.14",
            "dish_type": 13
        }
    },
    {
        "model": "kitchen.dish",
        "pk": 28,
        "fields": {
            "name": "Shrimp Skewers 28",
            "description": "Shrimp Skewers description.",
            "price": "29.92",
            "dish_type": 7
        }
    },
    {
        "model": "kitchen.dish",
        "pk": 29,
        "fields": {
            "name": "Vegetable Stir-fry 29",
            "description": "Vegetable Stir-fry description.",
            "price": "49.54",
            "dish_type": 13
        }
    },
    {
        "model": "kitchen.dish",
        "pk": 30,
        "fields": {
            "name": "Penne Alfredo 30",
            "description": "Penne Alfredo description.",
            "price": "43.33",
            "dish_type": 2
        }
    },
    {
        "model": "kitchen.dish",
        "pk": 31,
        "fields": {
            "name": "Vegetable Stir-fry 31",
            "description": "Vegetable Stir-fry description.",
            "price": "35.43",
            "dish_type": 7
        }
    },
    {
        "model": "kitchen.dish",
        "pk": 32,
        "fields": {
            "name": "Tom Yum 32",
            "description": "Tom Yum description.",
            "price": "48.19",
            "dish_type": 2
        }
    },
    {
        "model": "kitchen.dish",
        "pk": 33,
        "fields": {
            "name": "Pancakes 33",
            "description": "Pancakes description.",
            "price": "5.04",
            "dish_type": 14
        }
    },
    {
        "model": "kitchen.dish",
        "pk": 34,
        "fields": {
            "name": "Brownie 34",
            "description": "Brownie description.",
            "price": "18.69",
            "dish_type": 14
        }
    },
    {
        "model": "kitchen.dish",
        "pk": 35,
        "fields": {
            "name": "Chocolate Cake 35",
            "description": "Chocolate Cake description.",
            "price": "14.44",
            "dish_type": 1
        }
    },
    {
        "model": "kitchen.dish",
        "pk": 36,
        "fields": {
            "name": "Grilled Salmon 36",
            "description": "Grilled Salmon description.",
            "price": "33.66",
            "dish_type": 5
        }
    },
    {
        "model": "kitchen.dish",
        "pk": 37,
        "fields": {
            "name": "Margarita 37",
            "description": "Margarita description.",
            "price": "34.53",
            "dish_type": 3
        }
    },
    {
        "model": "kitchen.dish",
        "pk": 38,
        "fields": {
            "name": "Shrimp Skewers 38",
            "description": "Shrimp Skewers description.",
            "price": "30.59",
            "dish_type": 1
        }
    },
    {
        "model": "kitchen.dish",
        "pk": 39,
        "fields": {
            "name": "Brownie 39",
            "description": "Brownie description.",
            "price": "7.53",
            "dish_type": 13
        }
    },
    {
        "model": "kitchen.dish",
        "pk": 40,
        "fields": {
            "name": "Croissant 40",
            "description": "Croissant description.",
            "price": "45.32",
            "dish_type": 2
        }
    },
    {
        "model": "kitchen.dish",
        "pk": 41,
        "fields": {
            "name": "Tom Yum 41",
            "description": "Tom Yum description.",
            "price": "48.12",
            "dish_type": 9
        }
    },
    {
        "model": "kitchen.dish",
        "pk": 42,
        "fields": {
            "name": "Vegetable Stir-fry 42",
            "description": "Vegetable Stir-fry description.",
            "price": "48.85",
            "dish_type": 8
        }
    },
    {
        "model": "kitchen.dish",
        "pk": 43,
        "fields": {
            "name": "Mushroom Soup 43",
            "description": "Mushroom Soup description.",
            "price": "45.76",
            "dish_type": 3
        }
    },
    {
        "model": "kitchen.dish",
        "pk": 44,
        "fields": {
            "name": "Penne Alfredo 44",
            "description": "Penne Alfredo description.",
            "price": "47.64",
            "dish_type": 3
        }
    },
    {
        "model": "kitchen.dish",
        "pk": 45,
        "fields": {
            "name": "Shrimp Skewers 45",
            "description": "Shrimp Skewers description.",
            "price": "14.34",
            "dish_type": 10
        }
    },
    {
        "model": "kitchen.dish",
        "pk": 46,
        "fields": {
            "name": "Caesar Salad 46",
            "description": "Caesar Salad description.",
            "price": "8.86",
            "dish_type": 4
        }
    },
    {
        "model": "kitchen.dish",
        "pk": 47,
        "fields": {
            "name": "Pancakes 47",
            "description": "Pancakes description.",
            "price": "26.63",
            "dish_type": 13
        }
    },
    {
        "model": "kitchen.dish",
        "pk": 48,
        "fields": {
            "name": "Mushroom Soup 48",
            "description": "Mushroom Soup description.",
            "price": "24.87",
            "dish_type": 11
        }
    },
    {
        "model": "kitchen.dish",
        "pk": 49,
        "fields": {
            "name": "Croissant 49",
            "description": "Croissant description.",
            "price": "21.63",
            "dish_type": 8
        }
    },
    {
        "model": "kitchen.dish",
        "pk": 50,
        "fields": {
            "name": "Tiramisu 50",
            "description": "Tiramisu description.",
            "price": "9.82",
            "dish_type": 8
        }
    },
    {
        "model": "kitchen.dish",
        "pk": 51,
        "fields": {
            "name": "Vegetable Stir-fry 51",
            "description": "Vegetable Stir-fry description.",
            "price": "8.29",
            "dish_type": 6
        }
    },
    {
        "model": "kitchen.dish",
        "pk": 52,
        "fields": {
            "name": "Croissant 52",
            "description": "Croissant description.",
            "price": "42.96",
            "dish_type": 4
        }
    },
    {
        "model": "kitchen.dish",
        "pk": 53,
        "fields": {
            "name": "Grilled Salmon 53",
            "description": "Grilled Salmon description.",
            "price": "46.48",
            "dish_type": 2
        }
    },
    {
        "model": "kitchen.dish",
        "pk": 54,
        "fields": {
            "name": "Cappuccino 54",
            "description": "Cappuccino description.",
            "price": "12.19",
            "dish_type": 4
        }
    },
    {
        "model": "kitchen.dish",
        "pk": 55,
        "fields": {
            "name": "Coffee 55",
            "description": "Coffee description.",
            "price": "13.42",
            "dish_type": 7
        }
    },
    {
        "model": "kitchen.dish",
        "pk": 56,
        "fields": {
            "name": "Tiramisu 56",
            "description": "Tiramisu description.",
            "price": "15.93",
            "dish_type": 8
        }
    },
    {
        "model": "kitchen.dish",
        "pk": 57,
        "fields": {
            "name": "Spaghetti Bolognese 57",
            "description": "Spaghetti Bolognese description.",
            "price": "48.56",
            "dish_type": 14
        }
    },
    {
        "model": "kitchen.dish",
        "pk": 58,
        "fields": {
            "name": "Penne Alfredo 58",
            "description": "Penne Alfredo description.",
            "price": "24.36",
            "dish_type": 14
        }
    },
    {
        "model": "kitchen.dish",
        "pk": 59,
        "fields": {
            "name": "Croissant 59",
            "description": "Croissant description.",
            "price": "5.64",
            "dish_type": 11
        }
    },
    {
        "model": "kitchen.dish",
        "pk": 60,
        "fields": {
            "name": "Vegetable Stir-fry 60",
            "description": "Vegetable Stir-fry description.",
            "price": "36.21",
            "dish_type": 7
        }
    },
    {
        "model": "kitchen.dish",
        "pk": 61,
        "fields": {
            "name": "Penne Alfredo 61",
            "description": "Penne Alfredo description.",
            "price": "18.57",
            "dish_type": 2
        }
    },
    {
        "model": "kitchen.dish",
        "pk": 62,
        "fields": {
            "name": "Garlic Bread 62",
            "description": "Garlic Bread description.",
            "price": "6.38",
            "dish_type": 2
        }
    },
    {
        "model": "kitchen.dish",
        "pk": 63,
        "fields": {
            "name": "Grilled Salmon 63",
            "description": "Grilled Salmon description.",
            "price": "20.37",
            "dish_type": 5
        }
    },
    {
        "model": "kitchen.dish",
        "pk": 64,
        "fields": {
            "name": "Mushroom Soup 64",
            "description": "Mushroom Soup description.",
            "price": "46.30",
            "dish_type": 6
        }
    },
    {
        "model": "kitchen.dish",
        "pk": 65,
        "fields": {
            "name": "Pancakes 65",
            "description": "Pancakes description.",
            "price": "26.26",
            "dish_type": 10
        }
    },
    {
        "model": "kitchen.dish",
        "pk": 66,
        "fields": {
            "name": "Chili Con Carne 66",
            "description": "Chili Con Carne description.",
            "price": "48.58",
            "dish_type": 4
        }
    },
    {
        "model": "kitchen.dish",
        "pk": 67,
        "fields": {
            "name": "Margarita 67",
            "description": "Margarita description.",
            "price": "30.04",
            "dish_type": 8
        }
    },
    {
        "model": "kitchen.dish",
        "pk": 68,
        "fields": {
            "name": "Ham Sandwich 68",
            "description": "Ham Sandwich description.",
            "price": "48.81",
            "dish_type": 14
        }
    },
    {
        "model": "kitchen.dish",
        "pk": 69,
        "fields": {
            "name": "Tiramisu 69",
            "description": "Tiramisu description.",
            "price": "31.38",
            "dish_type": 3
        }
    },
    {
        "model": "kitchen.dish",
        "pk": 70,
        "fields": {
            "name": "Chocolate Cake 70",
            "description": "Chocolate Cake description.",
            "price": "21.61",
            "dish_type": 2
        }
    },
    {
        "model": "kitchen.dish",
        "pk": 71,
        "fields": {
            "name": "Croissant 71",
            "description": "Croissant description.",
            "price": "10.80",
            "dish_type": 7
        }
    },
    {
        "model": "kitchen.dish",
        "pk": 72,
        "fields": {
            "name": "Garlic Bread 72",
            "description": "Garlic Bread description.",
            "price": "44.79",
            "dish_type": 2
        }
    },
    {
        "model": "kitchen.dish",
        "pk": 73,
        "fields": {
            "name": "Ham Sandwich 73",
            "description": "Ham Sandwich description.",
            "price": "48.56",
            "dish_type": 12
        }
    },
    {
        "model": "kitchen.dish",
        "pk": 74,
        "fields": {
            "name": "BBQ Chicken 74",
            "description": "BBQ Chicken description.",
            "price": "46.45",
            "dish_type": 4
        }
    },
    {
        "model": "kitchen.dish",
        "pk": 75,
        "fields": {
            "name": "Vegetable Stir-fry 75",
            "description": "Vegetable Stir-fry description.",
            "price": "37.63",
            "dish_type": 7
        }
    },
    {
        "model": "kitchen.dish",
        "pk": 76,
        "fields": {
            "name": "Brownie 76",
            "description": "Brownie description.",
            "price": "34.41",
            "dish_type": 10
        }
    },
    {
        "model": "kitchen.dish",
        "pk": 77,
        "fields": {
            "name": "Mushroom Soup 77",
            "description": "Mushroom Soup description.",
            "price": "31.06",
            "dish_type": 9
        }
    },
    {
        "model": "kitchen.dish",
        "pk": 78,
        "fields": {
            "name": "Chocolate Cake 78",
            "description": "Chocolate Cake description.",
            "price": "31.03",
            "dish_type": 8
        }
    },
    {
        "model": "kitchen.dish",
        "pk": 79,
        "fields": {
            "name": "Tom Yum 79",
            "description": "Tom Yum description.",
            "price": "7.78",
            "dish_type": 4
        }
    },
    {
        "model": "kitchen.dish",
        "pk": 80,
        "fields": {
            "name": "Grilled Salmon 80",
            "description": "Grilled Salmon description.",
            "price": "16.29",
            "dish_type": 13
        }
    },
    {
        "model": "kitchen.dish",
        "pk": 81,
        "fields": {
            "name": "Mushroom Soup 81",
            "description": "Mushroom Soup description.",
            "price": "17.06",
            "dish_type": 6
        }
    },
    {
        "model": "kitchen.dish",
        "pk": 82,
        "fields": {
            "name": "Chili Con Carne 82",
            "description": "Chili Con Carne description.",
            "price": "12.02",
            "dish_type": 9
        }
    },
    {
        "model": "kitchen.dish",
        "pk": 83,
        "fields": {
            "name": "Grilled Salmon 83",
            "description": "Grilled Salmon description.",
            "price": "22.49",
            "dish_type": 8
        }
    },
    {
        "model": "kitchen.dish",
        "pk": 84,
        "fields": {
            "name": "BBQ Chicken 84",
            "description": "BBQ Chicken description.",
            "price": "17.73",
            "dish_type": 5
        }
    },
    {
        "model": "kitchen.dish",
        "pk": 85,
        "fields": {
            "name": "Tiramisu 85",
            "description": "Tiramisu description.",
            "price": "25.09",
            "dish_type": 6
        }
    },
    {
        "model": "kitchen.dish",
        "pk": 86,
        "fields": {
            "name": "Pancakes 86",
            "description": "Pancakes description.",
            "price": "14.14",
            "dish_type": 10
        }
    },
    {
        "model": "kitchen.dish",
        "pk": 87,
        "fields": {
            "name": "Chocolate Cake 87",
            "description": "Chocolate Cake description.",
            "price": "38.08",
            "dish_type": 3
        }
    },
    {
        "model": "kitchen.dish",
        "pk": 88,
        "fields": {
            "name": "Ham Sandwich 88",
            "description": "Ham Sandwich description.",
            "price": "12.02",
            "dish_type": 1
        }
    },
    {
        "model": "kitchen.dish",
        "pk": 89,
        "fields": {
            "name": "BBQ Chicken 89",
            "description": "BBQ Chicken description.",
            "price": "26.97",
            "dish_type": 5
        }
    },
    {
        "model": "kitchen.dish",
        "pk": 90,
        "fields": {
            "name": "Cappuccino 90",
            "description": "Cappuccino description.",
            "price": "41.59",
            "dish_type": 5
        }
    },
    {
        "model": "kitchen.dish",
        "pk": 91,
        "fields": {
            "name": "Croissant 91",
            "description": "Croissant description.",
            "price": "29.20",
            "dish_type": 7
        }
    },
    {
        "model": "kitchen.dish",
        "pk": 92,
        "fields": {
            "name": "BBQ Chicken 92",
            "description": "BBQ Chicken description.",
            "price": "36.82",
            "dish_type": 7
        }
    },
    {
        "model": "kitchen.dish",
        "pk": 93,
        "fields": {
            "name": "Grilled Salmon 93",
            "description": "Grilled Salmon description.",
            "price": "45.15",
            "dish_type": 14
        }
    },
    {
        "model": "kitchen.dish",
        "pk": 94,
        "fields": {
            "name": "Vegetable Stir-fry 94",
            "description": "Vegetable Stir-fry description.",
            "price": "8.36",
            "dish_type": 5
        }
    },
    {
        "model": "kitchen.dish",
        "pk": 95,
        "fields": {
            "name": "Mushroom Soup 95",
            "description": "Mushroom Soup description.",
            "price": "17.88",
            "dish_type": 13
        }
    },
    {
        "model": "kitchen.dish",
        "pk": 96,
        "fields": {
            "name": "Croissant 96",
            "description": "Croissant description.",
            "price": "15.17",
            "dish_type": 9
        }
    },
    {
        "model": "kitchen.dish",
        "pk": 97,
        "fields": {
            "name": "Brownie 97",
            "description": "Brownie description.",
            "price": "6.58",
            "dish_type": 9
        }
    },
    {
        "model": "kitchen.dish_cooks",
        "pk": 126,
        "fields": {
            "dish": 35,
            "cook": 2
        }
    },
    {
        "model": "kitchen.dish_cooks",
        "pk": 127,
        "fields": {
            "dish": 31,
            "cook": 2
        }
    },
    {
        "model": "kitchen.dish_cooks",
        "pk": 128,
        "fields": {
            "dish": 11,
            "cook": 2
        }
    },
    {
        "model": "kitchen.dish_cooks",
        "pk": 129,
        "fields": {
            "dish": 61,
            "cook": 2
        }
    },
    {
        "model": "kitchen.dish_cooks",
        "pk": 130,
        "fields": {
            "dish": 2,
            "cook": 2
        }
    },
    {
        "model": "kitchen.dish_cooks",
        "pk": 131,
        "fields": {
            "dish": 51,
            "cook": 2
        }
    },
    {
        "model": "kitchen.dish_cooks",
        "pk": 132,
        "fields": {
            "dish": 36,
            "cook": 2
        }
    },
    {
        "model": "kitchen.dish_cooks",
        "pk": 133,
        "fields": {
            "dish": 63,
            "cook": 3
        }
    },
    {
        "model": "kitchen.dish_cooks",
        "pk": 134,
        "fields": {
            "dish": 44,
            "cook": 3
        }
    },
    {
        "model": "kitchen.dish_cooks",
        "pk": 135,
        "fields": {
            "dish": 34,
            "cook": 3
        }
    },
    {
        "model": "kitchen.dish_cooks",
        "pk": 136,
        "fields": {
            "dish": 77,
            "cook": 3
        }
    },
    {
        "model": "kitchen.dish_cooks",
        "pk": 137,
        "fields": {
            "dish": 60,
            "cook": 3
        }
    },
    {
        "model": "kitchen.dish_cooks",
        "pk": 138,
        "fields": {
            "dish": 23,
            "cook": 3
        }
    },
    {
        "model": "kitchen.dish_cooks",
        "pk": 139,
        "fields": {
            "dish": 87,
            "cook": 3
        }
    },
    {
        "model": "kitchen.dish_cooks",
        "pk": 140,
        "fields": {
            "dish": 32,
            "cook": 4
        }
    },
    {
        "model": "kitchen.dish_cooks",
        "pk": 141,
        "fields": {
            "dish": 61,
            "cook": 4
        }
    },
    {
        "model": "kitchen.dish_cooks",
        "pk": 142,
        "fields": {
            "dish": 79,
            "cook": 4
        }
    },
    {
        "model": "kitchen.dish_cooks",
        "pk": 143,
        "fields": {
            "dish": 1,
            "cook": 4
        }
    },
    {
        "model": "kitchen.dish_cooks",
        "pk": 144,
        "fields": {
            "dish": 17,
            "cook": 4
        }
    },
    {
        "model": "kitchen.dish_cooks",
        "pk": 145,
        "fields": {
            "dish": 25,
            "cook": 4
        }
    },
    {
        "model": "kitchen.dish_cooks",
        "pk": 146,
        "fields": {
            "dish": 91,
            "cook": 5
        }
    },
    {
        "model": "kitchen.dish_cooks",
        "pk": 147,
        "fields": {
            "dish": 31,
            "cook": 5
        }
    },
    {
        "model": "kitchen.dish_cooks",
        "pk": 148,
        "fields": {
            "dish": 22,
            "cook": 5
        }
    },
    {
        "model": "kitchen.dish_cooks",
        "pk": 149,
        "fields": {
            "dish": 42,
            "cook": 5
        }
    },
    {
        "model": "kitchen.dish_cooks",
        "pk": 150,
        "fields": {
            "dish": 18,
            "cook": 5
        }
    },
    {
        "model": "kitchen.dish_cooks",
        "pk": 151,
        "fields": {
            "dish": 49,
            "cook": 6
        }
    },
    {
        "model": "kitchen.dish_cooks",
        "pk": 152,
        "fields": {
            "dish": 43,
            "cook": 6
        }
    },
    {
        "model": "kitchen.dish_cooks",
        "pk": 153,
        "fields": {
            "dish": 44,
            "cook": 6
        }
    },
    {
        "model": "kitchen.dish_cooks",
        "pk": 154,
        "fields": {
            "dish": 38,
            "cook": 6
        }
    },
    {
        "model": "kitchen.dish_cooks",
        "pk": 155,
        "fields": {
            "dish": 84,
            "cook": 6
        }
    },
    {
        "model": "kitchen.dish_cooks",
        "pk": 156,
        "fields": {
            "dish": 48,
            "cook": 6
        }
    },
    {
        "model": "kitchen.dish_cooks",
        "pk": 157,
        "fields": {
            "dish": 57,
            "cook": 6
        }
    },
    {
        "model": "kitchen.dish_cooks",
        "pk": 158,
        "fields": {
            "dish": 28,
            "cook": 7
        }
    },
    {
        "model": "kitchen.dish_cooks",
        "pk": 159,
        "fields": {
            "dish": 92,
            "cook": 7
        }
    },
    {
        "model": "kitchen.dish_cooks",
        "pk": 160,
        "fields": {
            "dish": 65,
            "cook": 7
        }
    },
    {
        "model": "kitchen.dish_cooks",
        "pk": 161,
        "fields": {
            "dish": 47,
            "cook": 7
        }
    },
    {
        "model": "kitchen.dish_cooks",
        "pk": 162,
        "fields": {
            "dish": 80,
            "cook": 8
        }
    },
    {
        "model": "kitchen.dish_cooks",
        "pk": 163,
        "fields": {
            "dish": 36,
            "cook": 8
        }
    },
    {
        "model": "kitchen.dish_cooks",
        "pk": 164,
        "fields": {
            "dish": 32,
            "cook": 8
        }
    },
    {
        "model": "kitchen.dish_cooks",
        "pk": 165,
        "fields": {
            "dish": 96,
            "cook": 8
        }
    },
    {
        "model": "kitchen.dish_cooks",
        "pk": 166,
        "fields": {
            "dish": 75,
            "cook": 8
        }
    },
    {
        "model": "kitchen.dish_cooks",
        "pk": 167,
        "fields": {
            "dish": 97,
            "cook": 8
        }
    },
    {
        "model": "kitchen.dish_cooks",
        "pk": 168,
        "fields": {
            "dish": 29,
            "cook": 8
        }
    },
    {
        "model": "kitchen.dish_cooks",
        "pk": 169,
        "fields": {
            "dish": 86,
            "cook": 9
        }
    },
    {
        "model": "kitchen.dish_cooks",
        "pk": 170,
        "fields": {
            "dish": 72,
            "cook": 9
        }
    },
    {
        "model": "kitchen.dish_cooks",
        "pk": 171,
        "fields": {
            "dish": 73,
            "cook": 9
        }
    },
    {
        "model": "kitchen.dish_cooks",
        "pk": 172,
        "fields": {
            "dish": 41,
            "cook": 9
        }
    },
    {
        "model": "kitchen.dish_cooks",
        "pk": 173,
        "fields": {
            "dish": 34,
            "cook": 9
        }
    },
    {
        "model": "kitchen.dish_cooks",
        "pk": 174,
        "fields": {
            "dish": 43,
            "cook": 9
        }
    },
    {
        "model": "kitchen.dish_cooks",
        "pk": 175,
        "fields": {
            "dish": 24,
            "cook": 9
        }
    },
    {
        "model": "kitchen.dish_cooks",
        "pk": 176,
        "fields": {
            "dish": 22,
            "cook": 10
        }
    },
    {
        "model": "kitchen.dish_cooks",
        "pk": 177,
        "fields": {
            "dish": 86,
            "cook": 10
        }
    },
    {
        "model": "kitchen.dish_cooks",
        "pk": 178,
        "fields": {
            "dish": 59,
            "cook": 10
        }
    },
    {
        "model": "kitchen.dish_cooks",
        "pk": 179,
        "fields": {
            "dish": 20,
            "cook": 10
        }
    },
    {
        "model": "kitchen.dish_cooks",
        "pk": 180,
        "fields": {
            "dish": 83,
            "cook": 10
        }
    },
    {
        "model": "kitchen.dish_cooks",
        "pk": 181,
        "fields": {
            "dish": 12,
            "cook": 10
        }
    },
    {
        "model": "kitchen.dish_cooks",
        "pk": 182,
        "fields": {
            "dish": 87,
            "cook": 11
        }
    },
    {
        "model": "kitchen.dish_cooks",
        "pk": 183,
        "fields": {
            "dish": 95,
            "cook": 11
        }
    },
    {
        "model": "kitchen.dish_cooks",
        "pk": 184,
        "fields": {
            "dish": 12,
            "cook": 11
        }
    },
    {
        "model": "kitchen.dish_cooks",
        "pk": 185,
        "fields": {
            "dish": 19,
            "cook": 12
        }
    },
    {
        "model": "kitchen.dish_cooks",
        "pk": 186,
        "fields": {
            "dish": 77,
            "cook": 12
        }
    },
    {
        "model": "kitchen.dish_cooks",
        "pk": 187,
        "fields": {
            "dish": 8,
            "cook": 12
        }
    },
    {
        "model": "kitchen.dish_cooks",
        "pk": 188,
        "fields": {
            "dish": 87,
            "cook": 12
        }
    },
    {
        "model": "kitchen.dish_cooks",
        "pk": 189,
        "fields": {
            "dish": 94,
            "cook": 13
        }
    },
    {
        "model": "kitchen.dish_cooks",
        "pk": 190,
        "fields": {
            "dish": 34,
            "cook": 13
        }
    },
    {
        "model": "kitchen.dish_cooks",
        "pk": 191,
        "fields": {
            "dish": 27,
            "cook": 13
        }
    },
    {
        "model": "kitchen.dish_cooks",
        "pk": 192,
        "fields": {
            "dish": 38,
            "cook": 13
        }
    },
    {
        "model": "kitchen.dish_cooks",
        "pk": 193,
        "fields": {
            "dish": 50,
            "cook": 13
        }
    },
    {
        "model": "kitchen.dish_cooks",
        "pk": 194,
        "fields": {
            "dish": 68,
            "cook": 13
        }
    },
    {
        "model": "kitchen.dish_cooks",
        "pk": 195,
        "fields": {
            "dish": 43,
            "cook": 13
        }
    },
    {
        "model": "kitchen.dish_cooks",
        "pk": 196,
        "fields": {
            "dish": 4,
            "cook": 14
        }
    },
    {
        "model": "kitchen.dish_cooks",
        "pk": 197,
        "fields": {
            "dish": 84,
            "cook": 14
        }
    },
    {
        "model": "kitchen.dish_cooks",
        "pk": 198,
        "fields": {
            "dish": 94,
            "cook": 14
        }
    },
    {
        "model": "kitchen.dish_cooks",
        "pk": 199,
        "fields": {
            "dish": 72,
            "cook": 14
        }
    },
    {
        "model": "kitchen.dish_cooks",
        "pk": 200,
        "fields": {
            "dish": 69,
            "cook": 14
        }
    },
    {
        "model": "kitchen.dish_cooks",
        "pk": 201,
        "fields": {
            "dish": 90,
            "cook": 14
        }
    }
]
